"","names.Report.value.","Report.value"
"1","gamma",0.139557527301643
"2","psi",0.001
"3","L0",50.3415986358901
"4","L0",52.6431333611738
"5","Linf",185.978571017149
"6","Linf",177.504053510518
"7","amean",0.138556029146463
"8","amean",0.138562497743672
"9","bmean",0.000745010720260276
"10","bmean",0.000780615963429033
"11","sd_bdev",0.251539460093332
"12","sd_bdev",0.226812375413959
"13","sd_obs",0.0764879654567651
"14","sd_z",0.1
"15","sd_ydev",0.382752165684811
"16","sd_xdev",0.01
"17","Length1_hat",131.369265972374
"18","Length1_hat",110.961091085899
"19","Length1_hat",127.894204948211
"20","Length1_hat",104.055140574608
"21","Length1_hat",111.208517245209
"22","Length1_hat",88.5251430718405
"23","Length1_hat",107.715242726974
"24","Length1_hat",106.292884954179
"25","Length1_hat",102.29529112424
"26","Length1_hat",98.6742515171648
"27","Length1_hat",126.137971637862
"28","Length1_hat",108.730653867632
"29","Length1_hat",99.7362986235973
"30","Length1_hat",133.899834971712
"31","Length1_hat",127.280040860644
"32","Length1_hat",109.26268144189
"33","Length1_hat",125.860000239563
"34","Length1_hat",111.887014358674
"35","Length1_hat",104.302463852944
"36","Length1_hat",141.226739315574
"37","Length1_hat",121.840346449806
"38","Length1_hat",136.147777171653
"39","Length1_hat",126.979796794678
"40","Length1_hat",140.983435896657
"41","Length1_hat",156.392521957662
"42","Length1_hat",88.8714823074905
"43","Length1_hat",88.6297830852247
"44","Length1_hat",77.2114152536887
"45","Length1_hat",101.02352539759
"46","Length1_hat",100.208334465816
"47","Length1_hat",95.7885784332593
"48","Length1_hat",107.024733838108
"49","Length1_hat",110.169167400148
"50","Length1_hat",99.9096808695171
"51","Length1_hat",110.715291482361
"52","Length1_hat",110.549552638049
"53","Length1_hat",111.027503512905
"54","Length1_hat",121.281492354596
"55","Length1_hat",94.9965793506673
"56","Length1_hat",98.9204013737905
"57","Length1_hat",100.849956654606
"58","Length1_hat",98.0890214540366
"59","Length1_hat",104.152658779038
"60","Length1_hat",108.153260815339
"61","Length1_hat",69.9168067918515
"62","Length1_hat",87.682079630972
"63","Length1_hat",103.727580439987
"64","Length1_hat",112.223554924648
"65","Length1_hat",114.232591679818
"66","Length1_hat",119.759439589028
"67","Length1_hat",117.174228078185
"68","Length1_hat",124.493677406615
"69","Length1_hat",129.431920386139
"70","Length1_hat",144.74861767433
"71","Length1_hat",133.836625630628
"72","Length1_hat",97.9628336493944
"73","Length1_hat",143.656897306502
"74","Length1_hat",114.55516117558
"75","Length1_hat",106.527456846367
"76","Length1_hat",114.951672749363
"77","Length1_hat",91.0837562353068
"78","Length1_hat",99.6864260702037
"79","Length1_hat",82.3389706549343
"80","Length1_hat",102.265831179045
"81","Length1_hat",131.500710715535
"82","Length1_hat",113.941539101967
"83","Length1_hat",116.422424669267
"84","Length1_hat",108.453320305169
"85","Length1_hat",107.009261289807
"86","Length1_hat",64.6650514413544
"87","Length1_hat",107.68649193871
"88","Length1_hat",108.870755430338
"89","Length1_hat",102.246711198308
"90","Length1_hat",94.9780904420717
"91","Length1_hat",110.245425112093
"92","Length1_hat",100.18773344811
"93","Length1_hat",108.578883424498
"94","Length1_hat",107.221265315077
"95","Length1_hat",110.734420290359
"96","Length1_hat",82.5625973608853
"97","Length1_hat",112.659134141087
"98","Length1_hat",137.618690086636
"99","Length1_hat",80.8539386979712
"100","Length1_hat",124.921565018537
"101","Length1_hat",93.3800303288121
"102","Length1_hat",127.14882168132
"103","Length1_hat",126.122916800923
"104","Length1_hat",137.264569006699
"105","Length1_hat",139.104339026048
"106","Length1_hat",124.294423451372
"107","Length1_hat",143.770694445574
"108","Length1_hat",103.121418424905
"109","Length1_hat",122.593977584907
"110","Length1_hat",90.9333600808614
"111","Length1_hat",110.59306547236
"112","Length1_hat",100.192048659831
"113","Length1_hat",124.894487455039
"114","Length1_hat",93.1691669935658
"115","Length1_hat",119.533344994564
"116","Length1_hat",92.3367719488207
"117","Length1_hat",103.565838947836
"118","Length1_hat",92.7401189401087
"119","Length1_hat",96.3958834774846
"120","Length1_hat",103.715307849683
"121","Length1_hat",101.11165048793
"122","Length1_hat",106.586296923634
"123","Length1_hat",138.494069241262
"124","Length1_hat",119.101363974701
"125","Length1_hat",123.313611902675
"126","Length1_hat",159.333236001173
"127","Length1_hat",134.583682497848
"128","Length1_hat",125.955475135686
"129","Length1_hat",133.277291597033
"130","Length1_hat",145.962339102951
"131","Length1_hat",140.648411616839
"132","Length1_hat",121.818943327997
"133","Length1_hat",83.8716619485785
"134","Length1_hat",93.7160083499186
"135","Length1_hat",83.4500690215158
"136","Length1_hat",90.7808032319237
"137","Length1_hat",118.119184212499
"138","Length1_hat",104.458507543708
"139","Length1_hat",104.064441447808
"140","Length1_hat",88.9293703643365
"141","Length1_hat",98.2156081203732
"142","Length1_hat",129.446320395661
"143","Length1_hat",112.779250065121
"144","Length1_hat",100.455494759578
"145","Length1_hat",128.566803648331
"146","Length1_hat",107.74933534499
"147","Length1_hat",103.362765899053
"148","Length1_hat",112.183899306867
"149","Length1_hat",106.538521040658
"150","Length1_hat",97.7794526110548
"151","Length1_hat",123.177571902446
"152","Length1_hat",136.629209709425
"153","Length1_hat",126.244699106931
"154","Length1_hat",94.5789958793701
"155","Length1_hat",93.2335096819327
"156","Length1_hat",99.6715065219329
"157","Length1_hat",118.094407642161
"158","Length1_hat",114.985198141157
"159","Length1_hat",121.533329261915
"160","Length1_hat",133.047201054473
"161","Length1_hat",127.155772296244
"162","Length1_hat",92.3274992919724
"163","Length1_hat",127.633098077804
"164","Length1_hat",98.3986530004175
"165","Length1_hat",130.601014072109
"166","Length1_hat",138.535107832182
"167","Length1_hat",82.8053612276886
"168","Length1_hat",114.556698172779
"169","Length1_hat",122.994111658132
"170","Length1_hat",105.381575974872
"171","Length1_hat",114.19944242532
"172","Length1_hat",114.137027702229
"173","Length1_hat",115.259656379945
"174","Length1_hat",130.173897783179
"175","Length1_hat",125.256027560457
"176","Length1_hat",137.527704424027
"177","Length1_hat",92.8918352874992
"178","Length1_hat",87.2814080619486
"179","Length1_hat",94.1295620111124
"180","Length1_hat",115.084207457252
"181","Length1_hat",93.9598911060247
"182","Length1_hat",100.164690466934
"183","Length1_hat",89.7764588849805
"184","Length1_hat",126.26833197496
"185","Length1_hat",97.8414265285798
"186","Length1_hat",112.06892152514
"187","Length1_hat",98.9117959576133
"188","Length1_hat",90.007507331766
"189","Length1_hat",131.311387546269
"190","Length1_hat",89.4403762308035
"191","Length1_hat",79.1618029610967
"192","Length1_hat",98.597011901418
"193","Length1_hat",121.394075657449
"194","Length1_hat",92.7457112989562
"195","Length1_hat",98.7641728966678
"196","Length1_hat",102.085033290292
"197","Length1_hat",119.842748109462
"198","Length1_hat",96.7516293002403
"199","Length1_hat",88.28542730102
"200","Length1_hat",84.3586829844481
"201","Length1_hat",96.4511293998348
"202","Length1_hat",90.3331091052569
"203","Length1_hat",105.465393841617
"204","Length1_hat",120.791387208139
"205","Length1_hat",89.0510668357789
"206","Length1_hat",100.762648681558
"207","Length1_hat",68.2301115406673
"208","Length1_hat",109.133320125861
"209","Length1_hat",104.149812522979
"210","Length1_hat",115.325671146768
"211","Length1_hat",125.790006531227
"212","Length1_hat",126.749057824811
"213","Length1_hat",109.282400098101
"214","Length1_hat",101.93233864205
"215","Length1_hat",89.0370703388376
"216","Length1_hat",93.4942093596661
"217","Length1_hat",86.5364683637451
"218","Length1_hat",99.1036142453836
"219","Length1_hat",97.5802126472796
"220","Length1_hat",123.4547813599
"221","Length1_hat",84.4267712164879
"222","Length1_hat",81.8215769731852
"223","Length1_hat",102.957685421892
"224","Length1_hat",128.29502483628
"225","Length1_hat",106.024222872482
"226","Length1_hat",98.5606021983302
"227","Length1_hat",92.6767010692256
"228","Length1_hat",88.4832835449151
"229","Length1_hat",92.8622468486849
"230","Length1_hat",128.191084609646
"231","Length1_hat",122.48430365914
"232","Length1_hat",128.897519178356
"233","Length1_hat",104.708029253689
"234","Length1_hat",101.264239663689
"235","Length1_hat",124.683311242418
"236","Length1_hat",97.0807101842672
"237","Length1_hat",91.8839289728143
"238","Length1_hat",132.078582050803
"239","Length1_hat",100.372497203845
"240","Length1_hat",97.1430940697415
"241","Length1_hat",121.750985968685
"242","Length1_hat",96.7884720683988
"243","Length1_hat",109.092252151789
"244","Length1_hat",75.111353443236
"245","Length1_hat",110.558266197685
"246","Length1_hat",86.6088747837951
"247","Length1_hat",127.473685841651
"248","Length1_hat",102.772793237654
"249","Length1_hat",94.2651036792358
"250","Length1_hat",83.9539774647217
"251","Length1_hat",107.458801039221
"252","Length1_hat",82.2730774252179
"253","Length1_hat",107.839776389632
"254","Length1_hat",108.513908731163
"255","Length1_hat",74.0195083982167
"256","Length1_hat",93.4402336232511
"257","Length1_hat",91.9678312924434
"258","Length1_hat",101.807639383734
"259","Length1_hat",78.8767176950561
"260","Length1_hat",81.1779823934154
"261","Length1_hat",93.0996549957742
"262","Length1_hat",95.6237618247735
"263","Length1_hat",90.8912444857385
"264","Length1_hat",104.989966816483
"265","Length1_hat",96.8175702747072
"266","Length1_hat",109.164412390002
"267","Length1_hat",79.3166210963644
"268","Length1_hat",124.098331726092
"269","Length1_hat",89.082601688297
"270","Length1_hat",104.393018557198
"271","Length1_hat",91.0305721487072
"272","Length1_hat",92.6688188916296
"273","Length1_hat",85.743660684902
"274","Length1_hat",80.7147130823201
"275","Length1_hat",108.06854670769
"276","Length1_hat",141.584442165894
"277","Length1_hat",94.4316127916956
"278","Length1_hat",99.5891287293589
"279","Length1_hat",95.5924478132006
"280","Length1_hat",66.7064488978362
"281","Length1_hat",86.5881412975827
"282","Length1_hat",94.0724971198203
"283","Length1_hat",95.1262552579657
"284","Length1_hat",128.026316386576
"285","Length1_hat",101.824461311578
"286","Length1_hat",118.646687262637
"287","Length1_hat",90.605585709784
"288","Length1_hat",92.8805775221053
"289","Length1_hat",82.0822644790956
"290","Length1_hat",93.9488164684735
"291","Length1_hat",95.9962245475729
"292","Length1_hat",96.7372821920721
"293","Length1_hat",91.5852517266502
"294","Length1_hat",85.2184977446245
"295","Length1_hat",101.818800951053
"296","Length1_hat",133.266037338536
"297","Length1_hat",86.8998129917214
"298","Length1_hat",105.013677992299
"299","Length1_hat",81.553476800854
"300","Length1_hat",96.9906786528198
"301","Length1_hat",92.6468903341211
"302","Length1_hat",92.8782395994772
"303","Length1_hat",77.7408456072151
"304","Length1_hat",103.851939570244
"305","Length1_hat",97.8567003930047
"306","Length1_hat",84.6366301541585
"307","Length1_hat",135.366858190023
"308","Length1_hat",100.626094469002
"309","Length1_hat",105.237814434765
"310","Length1_hat",92.0013057973664
"311","Length1_hat",82.8083795477099
"312","Length1_hat",84.8459458201102
"313","Length1_hat",88.7998514773089
"314","Length1_hat",85.4606008140259
"315","Length1_hat",108.143892136763
"316","Length1_hat",66.9126537876147
"317","Length1_hat",82.6036900691646
"318","Length1_hat",81.0248077727956
"319","Length1_hat",81.8678056343315
"320","Length1_hat",87.4999303971986
"321","Length1_hat",85.5761099781301
"322","Length1_hat",100.021750242259
"323","Length1_hat",79.3570754415659
"324","Length1_hat",99.933770528839
"325","Length1_hat",87.2302395712834
"326","Length1_hat",92.2916781872608
"327","Length1_hat",88.7548419781162
"328","Length1_hat",78.3550927085342
"329","Length1_hat",88.872904254714
"330","Length1_hat",75.7563180519091
"331","Length1_hat",65.5100631116567
"332","Length2_hat",135.4736458652
"333","Length2_hat",122.751147763942
"334","Length2_hat",137.378175613604
"335","Length2_hat",118.671534925722
"336","Length2_hat",126.517342509928
"337","Length2_hat",116.493974589058
"338","Length2_hat",119.941156836499
"339","Length2_hat",109.645957350809
"340","Length2_hat",107.548800229061
"341","Length2_hat",103.547645776775
"342","Length2_hat",126.029200108068
"343","Length2_hat",117.290751396111
"344","Length2_hat",103.049358054053
"345","Length2_hat",135.542344915765
"346","Length2_hat",127.22270410871
"347","Length2_hat",112.644460987468
"348","Length2_hat",127.423213167655
"349","Length2_hat",113.424978071087
"350","Length2_hat",105.620875068844
"351","Length2_hat",141.226739315574
"352","Length2_hat",121.860967537371
"353","Length2_hat",136.060087643138
"354","Length2_hat",134.037229598902
"355","Length2_hat",147.60882508363
"356","Length2_hat",156.282751033578
"357","Length2_hat",94.9013670255344
"358","Length2_hat",94.8141592004319
"359","Length2_hat",91.5279495157788
"360","Length2_hat",101.02352539759
"361","Length2_hat",105.880405634234
"362","Length2_hat",108.666592246715
"363","Length2_hat",113.481012479649
"364","Length2_hat",115.921192033582
"365","Length2_hat",113.704970748994
"366","Length2_hat",117.118496599885
"367","Length2_hat",121.905299468968
"368","Length2_hat",125.5855718852
"369","Length2_hat",127.876551875239
"370","Length2_hat",107.509303320135
"371","Length2_hat",104.760133396537
"372","Length2_hat",111.587664581009
"373","Length2_hat",109.884531868486
"374","Length2_hat",115.932896854271
"375","Length2_hat",125.709690501485
"376","Length2_hat",69.8064423170136
"377","Length2_hat",87.9125703503726
"378","Length2_hat",110.945241487354
"379","Length2_hat",117.773597159979
"380","Length2_hat",120.173221610265
"381","Length2_hat",125.603800394008
"382","Length2_hat",122.38811047415
"383","Length2_hat",130.365620645377
"384","Length2_hat",134.216573144438
"385","Length2_hat",149.956980464906
"386","Length2_hat",135.974886522735
"387","Length2_hat",108.046060623932
"388","Length2_hat",146.552805839304
"389","Length2_hat",116.844532132847
"390","Length2_hat",108.253180676409
"391","Length2_hat",116.106255079136
"392","Length2_hat",94.7864061424009
"393","Length2_hat",101.437121830923
"394","Length2_hat",100.760874162701
"395","Length2_hat",104.265186764182
"396","Length2_hat",133.801047263265
"397","Length2_hat",116.246308754482
"398","Length2_hat",119.231634318795
"399","Length2_hat",110.342553508224
"400","Length2_hat",110.031543170518
"401","Length2_hat",90.4749184705589
"402","Length2_hat",109.890714304883
"403","Length2_hat",109.483449507116
"404","Length2_hat",103.526068101513
"405","Length2_hat",97.1167820469323
"406","Length2_hat",111.436374207534
"407","Length2_hat",100.089707777915
"408","Length2_hat",108.489068369313
"409","Length2_hat",110.18942013081
"410","Length2_hat",113.376231095216
"411","Length2_hat",98.0916598290846
"412","Length2_hat",114.32512586269
"413","Length2_hat",141.017692426019
"414","Length2_hat",102.052105349902
"415","Length2_hat",126.795395380437
"416","Length2_hat",105.196388194837
"417","Length2_hat",129.746002840392
"418","Length2_hat",129.625167672856
"419","Length2_hat",139.874435394848
"420","Length2_hat",141.636593361275
"421","Length2_hat",126.473379002174
"422","Length2_hat",145.79735736337
"423","Length2_hat",106.545960337841
"424","Length2_hat",125.34542728651
"425","Length2_hat",104.282652858519
"426","Length2_hat",113.769456248911
"427","Length2_hat",121.053406670893
"428","Length2_hat",135.302281583871
"429","Length2_hat",110.248206638634
"430","Length2_hat",119.446079773831
"431","Length2_hat",115.186787860597
"432","Length2_hat",106.50088981658
"433","Length2_hat",120.582039801596
"434","Length2_hat",115.997643136666
"435","Length2_hat",114.643668100375
"436","Length2_hat",118.288352322038
"437","Length2_hat",116.376967992311
"438","Length2_hat",141.894218738857
"439","Length2_hat",121.98650224356
"440","Length2_hat",125.338653028044
"441","Length2_hat",159.333236001173
"442","Length2_hat",137.273933819311
"443","Length2_hat",127.973281060756
"444","Length2_hat",134.623190701987
"445","Length2_hat",148.717626086516
"446","Length2_hat",143.698876972896
"447","Length2_hat",124.819368232748
"448","Length2_hat",99.7774336327605
"449","Length2_hat",97.2694008783937
"450","Length2_hat",95.674776824794
"451","Length2_hat",100.679473720587
"452","Length2_hat",121.439615340939
"453","Length2_hat",116.197200231151
"454","Length2_hat",129.860460553744
"455","Length2_hat",122.101641646638
"456","Length2_hat",118.002132473699
"457","Length2_hat",132.822784557632
"458","Length2_hat",116.378680714887
"459","Length2_hat",119.02579627956
"460","Length2_hat",130.532583784774
"461","Length2_hat",124.643366399418
"462","Length2_hat",115.316381022931
"463","Length2_hat",130.423723012943
"464","Length2_hat",120.592184302774
"465","Length2_hat",120.08125592261
"466","Length2_hat",125.967467668997
"467","Length2_hat",139.594307962701
"468","Length2_hat",127.933545164091
"469","Length2_hat",98.0213274130946
"470","Length2_hat",113.628468115625
"471","Length2_hat",102.31776779119
"472","Length2_hat",118.022879662093
"473","Length2_hat",119.180914883363
"474","Length2_hat",141.109382671178
"475","Length2_hat",136.719567721106
"476","Length2_hat",138.506536693569
"477","Length2_hat",101.12950392059
"478","Length2_hat",130.73950098698
"479","Length2_hat",124.589904280316
"480","Length2_hat",144.513225194383
"481","Length2_hat",142.888048329253
"482","Length2_hat",90.4997871499501
"483","Length2_hat",119.269557117983
"484","Length2_hat",127.978365593817
"485","Length2_hat",130.773735767987
"486","Length2_hat",117.711606998019
"487","Length2_hat",121.393783338169
"488","Length2_hat",118.992657903016
"489","Length2_hat",133.359619166989
"490","Length2_hat",127.197113828453
"491","Length2_hat",142.870524954168
"492","Length2_hat",108.16567078587
"493","Length2_hat",104.930483963238
"494","Length2_hat",108.586037558409
"495","Length2_hat",125.288440054096
"496","Length2_hat",125.123918298101
"497","Length2_hat",120.819734164362
"498","Length2_hat",107.083934683164
"499","Length2_hat",131.158288623919
"500","Length2_hat",119.823640759354
"501","Length2_hat",118.545831030879
"502","Length2_hat",112.964147399376
"503","Length2_hat",94.2538467190029
"504","Length2_hat",139.090310815362
"505","Length2_hat",108.305667749548
"506","Length2_hat",106.501861441857
"507","Length2_hat",121.677093217477
"508","Length2_hat",125.918654911279
"509","Length2_hat",96.6829538373585
"510","Length2_hat",103.188005799426
"511","Length2_hat",106.513927266786
"512","Length2_hat",124.346468347445
"513","Length2_hat",126.327163582295
"514","Length2_hat",95.325453792843
"515","Length2_hat",88.6266492224272
"516","Length2_hat",112.100120857332
"517","Length2_hat",95.1002417417576
"518","Length2_hat",122.50515682607
"519","Length2_hat",127.369046894824
"520","Length2_hat",106.406106831148
"521","Length2_hat",106.09653573272
"522","Length2_hat",91.7925826433311
"523","Length2_hat",113.231627129211
"524","Length2_hat",109.037043645952
"525","Length2_hat",123.883091994919
"526","Length2_hat",134.619768149676
"527","Length2_hat",134.53588838594
"528","Length2_hat",118.307029482956
"529","Length2_hat",121.129509548186
"530","Length2_hat",119.552493771828
"531","Length2_hat",136.005913168246
"532","Length2_hat",108.301950862967
"533","Length2_hat",105.738148577524
"534","Length2_hat",116.472052294313
"535","Length2_hat",132.488476822823
"536","Length2_hat",91.0801586480886
"537","Length2_hat",101.091702798597
"538","Length2_hat",128.415141356804
"539","Length2_hat",140.766925781855
"540","Length2_hat",121.529557860645
"541","Length2_hat",106.601469559532
"542","Length2_hat",102.835301084156
"543","Length2_hat",111.51876960214
"544","Length2_hat",103.570915632365
"545","Length2_hat",138.838244345954
"546","Length2_hat",133.142925300951
"547","Length2_hat",139.599100413597
"548","Length2_hat",131.392503962845
"549","Length2_hat",132.642452007949
"550","Length2_hat",138.478970986381
"551","Length2_hat",126.743239366978
"552","Length2_hat",118.697330124319
"553","Length2_hat",145.342034051613
"554","Length2_hat",113.550937283691
"555","Length2_hat",119.474933254578
"556","Length2_hat",142.345212871176
"557","Length2_hat",118.364146588313
"558","Length2_hat",124.984259404997
"559","Length2_hat",95.7929709970662
"560","Length2_hat",133.395868594718
"561","Length2_hat",112.606528144034
"562","Length2_hat",147.271055616992
"563","Length2_hat",131.972000541373
"564","Length2_hat",108.12128200315
"565","Length2_hat",98.4591573669009
"566","Length2_hat",128.918180114189
"567","Length2_hat",105.858419905646
"568","Length2_hat",125.229960750625
"569","Length2_hat",130.381723408184
"570","Length2_hat",94.0518955229158
"571","Length2_hat",127.923619212918
"572","Length2_hat",116.330586515187
"573","Length2_hat",131.009029817239
"574","Length2_hat",111.242501853031
"575","Length2_hat",98.8886717833288
"576","Length2_hat",101.469414982383
"577","Length2_hat",106.796427585697
"578","Length2_hat",117.567748948847
"579","Length2_hat",116.896987504661
"580","Length2_hat",133.346275598313
"581","Length2_hat",122.408913201847
"582","Length2_hat",93.9600880826502
"583","Length2_hat",135.635997426011
"584","Length2_hat",106.201711987657
"585","Length2_hat",129.22469877622
"586","Length2_hat",104.727371858067
"587","Length2_hat",106.338050516957
"588","Length2_hat",107.33119285946
"589","Length2_hat",107.572569948746
"590","Length2_hat",123.168629132231
"591","Length2_hat",154.926573663302
"592","Length2_hat",107.817051388085
"593","Length2_hat",123.813273608923
"594","Length2_hat",108.202688176406
"595","Length2_hat",105.18084480952
"596","Length2_hat",111.166675093666
"597","Length2_hat",100.71507844235
"598","Length2_hat",110.808314615021
"599","Length2_hat",140.033961442148
"600","Length2_hat",116.594901289513
"601","Length2_hat",131.480891145042
"602","Length2_hat",106.133222099964
"603","Length2_hat",108.388736410198
"604","Length2_hat",98.9384767405874
"605","Length2_hat",120.172104886683
"606","Length2_hat",118.714085251182
"607","Length2_hat",126.411462525603
"608","Length2_hat",111.104994065685
"609","Length2_hat",102.944954478965
"610","Length2_hat",121.412008720715
"611","Length2_hat",150.628157703154
"612","Length2_hat",105.842355076391
"613","Length2_hat",120.786215855922
"614","Length2_hat",107.274703331309
"615","Length2_hat",129.989063428775
"616","Length2_hat",128.099277558476
"617","Length2_hat",133.610735165682
"618","Length2_hat",112.140986762293
"619","Length2_hat",131.35315642416
"620","Length2_hat",117.595894678571
"621","Length2_hat",140.470952990387
"622","Length2_hat",153.011840644191
"623","Length2_hat",115.53599874601
"624","Length2_hat",121.291500714184
"625","Length2_hat",92.1585726066086
"626","Length2_hat",110.299259433554
"627","Length2_hat",117.308469186701
"628","Length2_hat",126.48388806842
"629","Length2_hat",106.876046064101
"630","Length2_hat",128.866824607862
"631","Length2_hat",114.93508709513
"632","Length2_hat",131.328861894469
"633","Length2_hat",108.021741623561
"634","Length2_hat",107.240625095933
"635","Length2_hat",127.725564505755
"636","Length2_hat",125.75548152844
"637","Length2_hat",120.092055998265
"638","Length2_hat",127.854472133603
"639","Length2_hat",139.465057247844
"640","Length2_hat",123.252578758397
"641","Length2_hat",121.318866381755
"642","Length2_hat",117.264715251756
"643","Length2_hat",129.97418509126
"644","Length2_hat",124.517677268788
"645","Length2_hat",114.015505534716
"646","Length2_hat",106.142294462076
"647","a_indiv",0.138534494266466
"648","a_indiv",0.13855293145196
"649","a_indiv",0.138558170295456
"650","a_indiv",0.138552351030924
"651","a_indiv",0.138559658333959
"652","a_indiv",0.138551339787473
"653","a_indiv",0.138569059310173
"654","a_indiv",0.138598470038716
"655","a_indiv",0.138565929643892
"656","a_indiv",0.138561468671356
"657","a_indiv",0.138576351442874
"658","a_indiv",0.138572117926159
"659","a_indiv",0.138602985936652
"660","a_indiv",0.138556789545496
"661","a_indiv",0.138562373478996
"662","a_indiv",0.138574624265532
"663","a_indiv",0.138574111972797
"664","a_indiv",0.138591411622688
"665","a_indiv",0.13860980261635
"666","a_indiv",0.13853154324952
"667","a_indiv",0.138570424990742
"668","a_indiv",0.138535904013978
"669","a_indiv",0.138540688208702
"670","a_indiv",0.138527502593766
"671","a_indiv",0.138547817782655
"672","a_indiv",0.138607347590537
"673","a_indiv",0.138623636664371
"674","a_indiv",0.13862071305932
"675","a_indiv",0.138560494021374
"676","a_indiv",0.138598430267732
"677","a_indiv",0.138605520379731
"678","a_indiv",0.138571614634337
"679","a_indiv",0.13858418047711
"680","a_indiv",0.138589759162854
"681","a_indiv",0.13855610087248
"682","a_indiv",0.138551578177353
"683","a_indiv",0.138570546308039
"684","a_indiv",0.138542524635412
"685","a_indiv",0.138560698561978
"686","a_indiv",0.138602401106963
"687","a_indiv",0.138579688306113
"688","a_indiv",0.138566476371595
"689","a_indiv",0.138563504742969
"690","a_indiv",0.1385399207243
"691","a_indiv",0.138660210980114
"692","a_indiv",0.13863903316503
"693","a_indiv",0.138538832389093
"694","a_indiv",0.138575115260121
"695","a_indiv",0.13856008524768
"696","a_indiv",0.138563507568864
"697","a_indiv",0.13858207397292
"698","a_indiv",0.13855503746429
"699","a_indiv",0.138579577146567
"700","a_indiv",0.138558011105695
"701","a_indiv",0.138556004110354
"702","a_indiv",0.138581834620668
"703","a_indiv",0.138520372878692
"704","a_indiv",0.138565235221785
"705","a_indiv",0.138589040884713
"706","a_indiv",0.138591651462612
"707","a_indiv",0.138542025609871
"708","a_indiv",0.138595299701395
"709","a_indiv",0.138580130747066
"710","a_indiv",0.138584824641081
"711","a_indiv",0.138543710846676
"712","a_indiv",0.138562841867053
"713","a_indiv",0.138544260441855
"714","a_indiv",0.138582237613012
"715","a_indiv",0.138548459695656
"716","a_indiv",0.138618047416607
"717","a_indiv",0.138574162356645
"718","a_indiv",0.138610578969699
"719","a_indiv",0.13860647893761
"720","a_indiv",0.13859084751253
"721","a_indiv",0.138594660618427
"722","a_indiv",0.138593864223077
"723","a_indiv",0.13857058467811
"724","a_indiv",0.138547545476263
"725","a_indiv",0.138554349939939
"726","a_indiv",0.138611065905168
"727","a_indiv",0.138583189054112
"728","a_indiv",0.138511818276285
"729","a_indiv",0.138543057670825
"730","a_indiv",0.13856705076754
"731","a_indiv",0.138551642953243
"732","a_indiv",0.13854951955498
"733","a_indiv",0.13851887563972
"734","a_indiv",0.138536614752472
"735","a_indiv",0.13853763276811
"736","a_indiv",0.138563325437848
"737","a_indiv",0.138547532111856
"738","a_indiv",0.138547974189921
"739","a_indiv",0.138549559699842
"740","a_indiv",0.138520493763157
"741","a_indiv",0.138547118922524
"742","a_indiv",0.138574812803291
"743","a_indiv",0.138540686792725
"744","a_indiv",0.13857849113912
"745","a_indiv",0.138553268920633
"746","a_indiv",0.138566770019206
"747","a_indiv",0.13856493728783
"748","a_indiv",0.138561130820238
"749","a_indiv",0.138547528716959
"750","a_indiv",0.138547540414224
"751","a_indiv",0.138566343089817
"752","a_indiv",0.138559968230733
"753","a_indiv",0.13850857456682
"754","a_indiv",0.138548120552835
"755","a_indiv",0.138566478305895
"756","a_indiv",0.138519649969245
"757","a_indiv",0.138537411009295
"758","a_indiv",0.138563953151138
"759","a_indiv",0.138575117501607
"760","a_indiv",0.138524203390299
"761","a_indiv",0.138517379280334
"762","a_indiv",0.138531855649845
"763","a_indiv",0.138604764030193
"764","a_indiv",0.138560229979195
"765","a_indiv",0.138556622506183
"766","a_indiv",0.138581968621202
"767","a_indiv",0.138529285782855
"768","a_indiv",0.138541651687666
"769","a_indiv",0.138561021476299
"770","a_indiv",0.138535292569487
"771","a_indiv",0.138538584044882
"772","a_indiv",0.138523120544007
"773","a_indiv",0.138515406597065
"774","a_indiv",0.138550324275259
"775","a_indiv",0.138558591924546
"776","a_indiv",0.138561643909049
"777","a_indiv",0.13852627352332
"778","a_indiv",0.138541341884968
"779","a_indiv",0.138590706549375
"780","a_indiv",0.138565865554093
"781","a_indiv",0.138546806565612
"782","a_indiv",0.138530122570424
"783","a_indiv",0.138574149274015
"784","a_indiv",0.138555162502106
"785","a_indiv",0.138541199952768
"786","a_indiv",0.138582602890814
"787","a_indiv",0.138557987828176
"788","a_indiv",0.1385813560999
"789","a_indiv",0.138551500962806
"790","a_indiv",0.138544582127632
"791","a_indiv",0.138561474588825
"792","a_indiv",0.138558567550231
"793","a_indiv",0.138571172781959
"794","a_indiv",0.138586265525886
"795","a_indiv",0.138537986574508
"796","a_indiv",0.138509123670861
"797","a_indiv",0.138585640385648
"798","a_indiv",0.138535770628135
"799","a_indiv",0.13857190705674
"800","a_indiv",0.138580890586444
"801","a_indiv",0.138571309301318
"802","a_indiv",0.138552120821779
"803","a_indiv",0.138534426417573
"804","a_indiv",0.138541209929564
"805","a_indiv",0.138581514455131
"806","a_indiv",0.138542220750908
"807","a_indiv",0.138565910438911
"808","a_indiv",0.138609378349386
"809","a_indiv",0.138578143922001
"810","a_indiv",0.138591104768012
"811","a_indiv",0.13856338605132
"812","a_indiv",0.138570310833603
"813","a_indiv",0.138608958239213
"814","a_indiv",0.138509093272852
"815","a_indiv",0.138563217256162
"816","a_indiv",0.13856132781566
"817","a_indiv",0.138565038823419
"818","a_indiv",0.138579452145918
"819","a_indiv",0.138515427214369
"820","a_indiv",0.138528989490824
"821","a_indiv",0.138534721795197
"822","a_indiv",0.138581780441067
"823","a_indiv",0.138531324644501
"824","a_indiv",0.138586192392774
"825","a_indiv",0.13860965734151
"826","a_indiv",0.13856283834251
"827","a_indiv",0.138581658111796
"828","a_indiv",0.138569700782282
"829","a_indiv",0.138590723832455
"830","a_indiv",0.138590544025958
"831","a_indiv",0.138564383675724
"832","a_indiv",0.138564921485621
"833","a_indiv",0.138533715403042
"834","a_indiv",0.138554565936152
"835","a_indiv",0.138550279175403
"836","a_indiv",0.138539468365851
"837","a_indiv",0.138594660273603
"838","a_indiv",0.138567523225485
"839","a_indiv",0.138550290764644
"840","a_indiv",0.138529337462531
"841","a_indiv",0.138510877382741
"842","a_indiv",0.138531270908568
"843","a_indiv",0.138555633524403
"844","a_indiv",0.138563708329669
"845","a_indiv",0.138543577658191
"846","a_indiv",0.138523175815719
"847","a_indiv",0.138559466415277
"848","a_indiv",0.138603493448648
"849","a_indiv",0.138570157328142
"850","a_indiv",0.13853917005158
"851","a_indiv",0.138625248953861
"852","a_indiv",0.138591486662004
"853","a_indiv",0.138583536205072
"854","a_indiv",0.138528016698805
"855","a_indiv",0.138515884279889
"856","a_indiv",0.138587511689789
"857","a_indiv",0.138561416770127
"858","a_indiv",0.138596698386826
"859","a_indiv",0.138548307880394
"860","a_indiv",0.138546562993311
"861","a_indiv",0.138550887246863
"862","a_indiv",0.138544445634459
"863","a_indiv",0.138589871078551
"864","a_indiv",0.138574316642573
"865","a_indiv",0.138517439767201
"866","a_indiv",0.138542955659005
"867","a_indiv",0.138566962983959
"868","a_indiv",0.138513087294567
"869","a_indiv",0.138553281931947
"870","a_indiv",0.13857310526973
"871","a_indiv",0.138496591664714
"872","a_indiv",0.138576479888195
"873","a_indiv",0.138555018029936
"874","a_indiv",0.138615215865816
"875","a_indiv",0.138483331087702
"876","a_indiv",0.138560673809588
"877","a_indiv",0.138553022453004
"878","a_indiv",0.138522830230458
"879","a_indiv",0.138572745042074
"880","a_indiv",0.138603507546122
"881","a_indiv",0.138568701393677
"882","a_indiv",0.138588276502612
"883","a_indiv",0.138543641986324
"884","a_indiv",0.138561177781878
"885","a_indiv",0.13862547721465
"886","a_indiv",0.138543825483481
"887","a_indiv",0.138564015954326
"888","a_indiv",0.138564478461328
"889","a_indiv",0.13857798625774
"890","a_indiv",0.138623487150344
"891","a_indiv",0.138625874066678
"892","a_indiv",0.138598868953562
"893","a_indiv",0.138591625126569
"894","a_indiv",0.138574802146197
"895","a_indiv",0.138551983749445
"896","a_indiv",0.138555836689984
"897","a_indiv",0.13857997674118
"898","a_indiv",0.138557086520225
"899","a_indiv",0.138571759854487
"900","a_indiv",0.138550390245626
"901","a_indiv",0.138575048679423
"902","a_indiv",0.138573264136661
"903","a_indiv",0.138530077765196
"904","a_indiv",0.138563311757078
"905","a_indiv",0.138534990826388
"906","a_indiv",0.138540810047199
"907","a_indiv",0.138572887915546
"908","a_indiv",0.138558516207544
"909","a_indiv",0.138580508967239
"910","a_indiv",0.138552578292457
"911","a_indiv",0.138572373523033
"912","a_indiv",0.138635749507891
"913","a_indiv",0.138545079426035
"914","a_indiv",0.138548306329071
"915","a_indiv",0.138547033966977
"916","a_indiv",0.138568651233542
"917","a_indiv",0.138620103220562
"918","a_indiv",0.138616398091406
"919","a_indiv",0.138554672999828
"920","a_indiv",0.138555041142522
"921","a_indiv",0.138576687205714
"922","a_indiv",0.138522299919073
"923","a_indiv",0.138559536186787
"924","a_indiv",0.138584621677087
"925","a_indiv",0.138546000931887
"926","a_indiv",0.138545209678813
"927","a_indiv",0.138572136331957
"928","a_indiv",0.138574339753809
"929","a_indiv",0.138595898552806
"930","a_indiv",0.13856927953894
"931","a_indiv",0.138562277804504
"932","a_indiv",0.138572397355009
"933","a_indiv",0.138588626273272
"934","a_indiv",0.138585608541638
"935","a_indiv",0.138569931578783
"936","a_indiv",0.138514954635323
"937","a_indiv",0.138542358384859
"938","a_indiv",0.138596056414691
"939","a_indiv",0.138572980563492
"940","a_indiv",0.13852701507273
"941","a_indiv",0.138581801711897
"942","a_indiv",0.138547750058923
"943","a_indiv",0.138540149874404
"944","a_indiv",0.138596300321432
"945","a_indiv",0.138560032782809
"946","a_indiv",0.138552384223558
"947","a_indiv",0.138549716554014
"948","a_indiv",0.138548607052908
"949","a_indiv",0.138561749982663
"950","a_indiv",0.138529247516297
"951","a_indiv",0.138531188849028
"952","a_indiv",0.138574333575678
"953","a_indiv",0.138533323103665
"954","a_indiv",0.138552489037408
"955","a_indiv",0.138552659459605
"956","a_indiv",0.138604278456029
"957","a_indiv",0.138525437249881
"958","a_indiv",0.138516525429773
"959","a_indiv",0.138553003595944
"960","a_indiv",0.138589594808984
"961","a_indiv",0.138593942716688
"962","b_indiv",0.000637760553994796
"963","b_indiv",0.000728539158937165
"964","b_indiv",0.000756612926078801
"965","b_indiv",0.000725493565803475
"966","b_indiv",0.000764782277338013
"967","b_indiv",0.000720217708366484
"968","b_indiv",0.000818470002148245
"969","b_indiv",0.00101197609215375
"970","b_indiv",0.000800191348378609
"971","b_indiv",0.000774839958950839
"972","b_indiv",0.000862693869205522
"973","b_indiv",0.000836736634321185
"974","b_indiv",0.00104549139703762
"975","b_indiv",0.000749110586700066
"976","b_indiv",0.000779916210244062
"977","b_indiv",0.000852008154898705
"978","b_indiv",0.000848864198446135
"979","b_indiv",0.000961728170458878
"980","b_indiv",0.00109819413532846
"981","b_indiv",0.000624318717096967
"982","b_indiv",0.00082657635213807
"983","b_indiv",0.000644283600022016
"984","b_indiv",0.000666921518370423
"985","b_indiv",0.000606371485313678
"986","b_indiv",0.00070214013115674
"987","b_indiv",0.00107891424036987
"988","b_indiv",0.00121345037684697
"989","b_indiv",0.00118812614210385
"990","b_indiv",0.000769408791402221
"991","b_indiv",0.00101168574611611
"992","b_indiv",0.00106478454685432
"993","b_indiv",0.000833703126261818
"994","b_indiv",0.000912834397938884
"995","b_indiv",0.000950329269591204
"996","b_indiv",0.00074539648818157
"997","b_indiv",0.000721457972489148
"998","b_indiv",0.000827300329667376
"999","b_indiv",0.000675820691761201
"1000","b_indiv",0.000770545417233289
"1001","b_indiv",0.00104108927294352
"1002","b_indiv",0.00088371906339912
"1003","b_indiv",0.000803354825330923
"1004","b_indiv",0.000786309713187734
"1005","b_indiv",0.000663237127009626
"1006","b_indiv",0.00157975853688258
"1007","b_indiv",0.00135598565075403
"1008","b_indiv",0.000658047292202525
"1009","b_indiv",0.000855032320687181
"1010","b_indiv",0.000767142264690537
"1011","b_indiv",0.000786325749524973
"1012","b_indiv",0.000899063969703573
"1013","b_indiv",0.000739697499082416
"1014","b_indiv",0.000883010485806244
"1015","b_indiv",0.000755744150631099
"1016","b_indiv",0.000744876114162299
"1017","b_indiv",0.000897512488783648
"1018","b_indiv",0.000575951593925588
"1019","b_indiv",0.000796191217161852
"1020","b_indiv",0.000945416665104194
"1021","b_indiv",0.000963393932494791
"1022","b_indiv",0.000673390782704645
"1023","b_indiv",0.000989090371852904
"1024","b_indiv",0.000886545002085812
"1025","b_indiv",0.000917087281456567
"1026","b_indiv",0.00068163193589394
"1027","b_indiv",0.000782557049387951
"1028","b_indiv",0.000684341296803804
"1029","b_indiv",0.000900126226284032
"1030","b_indiv",0.000705400792795799
"1031","b_indiv",0.00116549682229331
"1032","b_indiv",0.000849172891123112
"1033","b_indiv",0.00110436236016003
"1034","b_indiv",0.00107217380166119
"1035","b_indiv",0.000957821585587814
"1036","b_indiv",0.000984540021854308
"1037","b_indiv",0.000978898845755239
"1038","b_indiv",0.000827529440141873
"1039","b_indiv",0.000700761476000737
"1040","b_indiv",0.000736036126471003
"1041","b_indiv",0.00110824877289977
"1042","b_indiv",0.00090632731497815
"1043","b_indiv",0.000541457573643349
"1044","b_indiv",0.000678425881410454
"1045","b_indiv",0.00080669185557032
"1046","b_indiv",0.000721795348636048
"1047","b_indiv",0.0007108175949957
"1048","b_indiv",0.000569759738563848
"1049","b_indiv",0.000647597489144913
"1050","b_indiv",0.000652373772502569
"1051","b_indiv",0.00078529286342651
"1052","b_indiv",0.000700693883245003
"1053","b_indiv",0.000702933227502224
"1054","b_indiv",0.000711023584916611
"1055","b_indiv",0.000576454436626024
"1056","b_indiv",0.000698607318603751
"1057","b_indiv",0.000853168143067721
"1058","b_indiv",0.000666914702025229
"1059","b_indiv",0.000876117608954176
"1060","b_indiv",0.000730315797650741
"1061","b_indiv",0.000805059083956356
"1062","b_indiv",0.000794481135869587
"1063","b_indiv",0.000772952984308408
"1064","b_indiv",0.00070067671401183
"1065","b_indiv",0.000700735873112464
"1066","b_indiv",0.000802582480275241
"1067","b_indiv",0.000766494669902369
"1068","b_indiv",0.000528924739743678
"1069","b_indiv",0.000703676202373763
"1070","b_indiv",0.000803366039732247
"1071","b_indiv",0.000572953642385135
"1072","b_indiv",0.000651330344651505
"1073","b_indiv",0.000788858423622726
"1074","b_indiv",0.000855046151150235
"1075","b_indiv",0.000592100445740067
"1076","b_indiv",0.000563637962927759
"1077","b_indiv",0.000625728195570213
"1078","b_indiv",0.00105898998586496
"1079","b_indiv",0.000767943993495696
"1080","b_indiv",0.000748208028286144
"1081","b_indiv",0.000898380750197942
"1082","b_indiv",0.000614227378450523
"1083","b_indiv",0.000671575762216202
"1084","b_indiv",0.00077234325763387
"1085","b_indiv",0.000641446238504834
"1086","b_indiv",0.000656868734602563
"1087","b_indiv",0.00058749001085196
"1088","b_indiv",0.000555667792854473
"1089","b_indiv",0.000714958151031262
"1090","b_indiv",0.000758918783572589
"1091","b_indiv",0.000775820512774809
"1092","b_indiv",0.000601015291684679
"1093","b_indiv",0.000670075680750304
"1094","b_indiv",0.000956847863420877
"1095","b_indiv",0.000799821327723896
"1096","b_indiv",0.000697034068492431
"1097","b_indiv",0.000617948842433659
"1098","b_indiv",0.000849092725447968
"1099","b_indiv",0.000740365333794863
"1100","b_indiv",0.000669389555849092
"1101","b_indiv",0.000902501923239121
"1102","b_indiv",0.000755617197500299
"1103","b_indiv",0.000894418732183005
"1104","b_indiv",0.000721056017155834
"1105","b_indiv",0.000685932112460412
"1106","b_indiv",0.000774873050324605
"1107","b_indiv",0.00075878529130949
"1108","b_indiv",0.000831048992387412
"1109","b_indiv",0.000926672050457989
"1110","b_indiv",0.00065404197412781
"1111","b_indiv",0.000531025769205355
"1112","b_indiv",0.000922501386915512
"1113","b_indiv",0.000643663565853784
"1114","b_indiv",0.000835464314001239
"1115","b_indiv",0.000891419294632261
"1116","b_indiv",0.000831868139136049
"1117","b_indiv",0.000724289135007495
"1118","b_indiv",0.000637448279684331
"1119","b_indiv",0.00066943776247081
"1120","b_indiv",0.000895441357168308
"1121","b_indiv",0.000674339943587253
"1122","b_indiv",0.000800080451019606
"1123","b_indiv",0.00109483783694256
"1124","b_indiv",0.000873925186247648
"1125","b_indiv",0.000959601165278204
"1126","b_indiv",0.000785636458883033
"1127","b_indiv",0.000825895681833548
"1128","b_indiv",0.00109152451943999
"1129","b_indiv",0.000530909240011311
"1130","b_indiv",0.000784679994301767
"1131","b_indiv",0.000774052689423986
"1132","b_indiv",0.000795063517275439
"1133","b_indiv",0.000882214357188754
"1134","b_indiv",0.00055575050729276
"1135","b_indiv",0.000612915046655529
"1136","b_indiv",0.000638808870225247
"1137","b_indiv",0.000897161668105142
"1138","b_indiv",0.000623334308183249
"1139","b_indiv",0.00092618316687676
"1140","b_indiv",0.00109704373700219
"1141","b_indiv",0.000782537144188496
"1142","b_indiv",0.000896370072294892
"1143","b_indiv",0.000822267686687701
"1144","b_indiv",0.000956967195437907
"1145","b_indiv",0.000955726438093464
"1146","b_indiv",0.000791313250932627
"1147","b_indiv",0.000794390536891308
"1148","b_indiv",0.000634185011100526
"1149","b_indiv",0.000737184447519508
"1150","b_indiv",0.000714725461087156
"1151","b_indiv",0.000661075063355249
"1152","b_indiv",0.000984537572322184
"1153","b_indiv",0.000809447040213048
"1154","b_indiv",0.000714785247839196
"1155","b_indiv",0.000614456564557247
"1156","b_indiv",0.000537791971365209
"1157","b_indiv",0.000623092565302538
"1158","b_indiv",0.000742886505925134
"1159","b_indiv",0.000787465859906615
"1160","b_indiv",0.000680976966107181
"1161","b_indiv",0.00058772447027832
"1162","b_indiv",0.000763723711611998
"1163","b_indiv",0.00104932660348464
"1164","b_indiv",0.000824981276932476
"1165","b_indiv",0.000659653113568976
"1166","b_indiv",0.0012276459599748
"1167","b_indiv",0.000962249032066535
"1168","b_indiv",0.000908600508506858
"1169","b_indiv",0.000608626035708533
"1170","b_indiv",0.000557587367861566
"1171","b_indiv",0.000935042198191816
"1172","b_indiv",0.000774549779990336
"1173","b_indiv",0.000999122627379498
"1174","b_indiv",0.000704628268772909
"1175","b_indiv",0.000695809722776296
"1176","b_indiv",0.000717869145055906
"1177","b_indiv",0.000685256669285274
"1178","b_indiv",0.000951097000738552
"1179","b_indiv",0.000850118870622881
"1180","b_indiv",0.000563884142372597
"1181","b_indiv",0.000677926527542799
"1182","b_indiv",0.000806180970075091
"1183","b_indiv",0.000546441073640242
"1184","b_indiv",0.000730384383647821
"1185","b_indiv",0.00084271975549609
"1186","b_indiv",0.000485087175261164
"1187","b_indiv",0.000863493863631861
"1188","b_indiv",0.000739593753048299
"1189","b_indiv",0.00114193049269508
"1190","b_indiv",0.000440793908706968
"1191","b_indiv",0.000770407779800784
"1192","b_indiv",0.000729017817734684
"1193","b_indiv",0.000586260050913681
"1194","b_indiv",0.000840531905821439
"1195","b_indiv",0.00104943333677035
"1196","b_indiv",0.000816358662932202
"1197","b_indiv",0.000940216597955262
"1198","b_indiv",0.000681293228608397
"1199","b_indiv",0.00077321500068959
"1200","b_indiv",0.00122966906934369
"1201","b_indiv",0.000682196179564312
"1202","b_indiv",0.000789216049404521
"1203","b_indiv",0.000791854737395908
"1204","b_indiv",0.00087293146176214
"1205","b_indiv",0.00121214230162423
"1206","b_indiv",0.00123319436028749
"1207","b_indiv",0.00101489295852361
"1208","b_indiv",0.000963210879796414
"1209","b_indiv",0.000853102532705032
"1210","b_indiv",0.000723572935521778
"1211","b_indiv",0.000743976606432977
"1212","b_indiv",0.000885560319890032
"1213","b_indiv",0.000750717907836549
"1214","b_indiv",0.000834577287190996
"1215","b_indiv",0.000715298657426198
"1216","b_indiv",0.00085462160489477
"1217","b_indiv",0.000843686443778944
"1218","b_indiv",0.000617749009604801
"1219","b_indiv",0.000785215332948074
"1220","b_indiv",0.000640050626251184
"1221","b_indiv",0.00066750829487181
"1222","b_indiv",0.000841398970837281
"1223","b_indiv",0.000758504176495172
"1224","b_indiv",0.00088896790882818
"1225","b_indiv",0.000726684537574998
"1226","b_indiv",0.000838281421499242
"1227","b_indiv",0.0013242461938451
"1228","b_indiv",0.000688398648942164
"1229","b_indiv",0.000704620379107228
"1230","b_indiv",0.000698179071575555
"1231","b_indiv",0.000816063204740032
"1232","b_indiv",0.00118291064815617
"1233","b_indiv",0.00115171143254527
"1234","b_indiv",0.000737754303499051
"1235","b_indiv",0.000739717136150182
"1236","b_indiv",0.000864786660567746
"1237","b_indiv",0.000584019939187603
"1238","b_indiv",0.000764108380827548
"1239","b_indiv",0.000915745146063246
"1240","b_indiv",0.000692992645499829
"1241","b_indiv",0.000689046149074109
"1242","b_indiv",0.000836847780976213
"1243","b_indiv",0.000850260664098224
"1244","b_indiv",0.000993373333747736
"1245","b_indiv",0.000819771835391718
"1246","b_indiv",0.000779377879697317
"1247","b_indiv",0.000838425603337645
"1248","b_indiv",0.000942592521175806
"1249","b_indiv",0.000922289440194545
"1250","b_indiv",0.000823638364955633
"1251","b_indiv",0.000553857656927303
"1252","b_indiv",0.000675010195163141
"1253","b_indiv",0.000994505438233801
"1254","b_indiv",0.000841961706642046
"1255","b_indiv",0.000604241223880035
"1256","b_indiv",0.000897299383440485
"1257","b_indiv",0.000701797000947231
"1258","b_indiv",0.00066433505235884
"1259","b_indiv",0.000996257147030183
"1260","b_indiv",0.000766851846211818
"1261","b_indiv",0.000725667391250602
"1262","b_indiv",0.000711829001458808
"1263","b_indiv",0.00070615144108469
"1264","b_indiv",0.000776414656716526
"1265","b_indiv",0.000614057731108637
"1266","b_indiv",0.000622723583169855
"1267","b_indiv",0.000850222757334726
"1268","b_indiv",0.000632391665665696
"1269","b_indiv",0.000726216560733369
"1270","b_indiv",0.000727110369952492
"1271","b_indiv",0.00105528651002026
"1272","b_indiv",0.000597397923310038
"1273","b_indiv",0.00056017425455894
"1274","b_indiv",0.000728918605188315
"1275","b_indiv",0.000949202939553625
"1276","b_indiv",0.000979453408880197
"1277","ln_bdev",-0.202120399059923
"1278","ln_bdev",-0.0690419277198164
"1279","ln_bdev",-0.0312315082593907
"1280","ln_bdev",-0.0265464042397484
"1281","ln_bdev",0.0261925806448576
"1282","ln_bdev",-0.0805297657052367
"1283","ln_bdev",0.0473534416100866
"1284","ln_bdev",0.306261617327206
"1285","ln_bdev",0.0247675797997593
"1286","ln_bdev",0.0392578955616395
"1287","ln_bdev",0.0999765947965157
"1288","ln_bdev",0.116110758752773
"1289","ln_bdev",0.338843682384922
"1290","ln_bdev",-0.0411966863280115
"1291","ln_bdev",-0.000896813591768051
"1292","ln_bdev",0.0875127935197185
"1293","ln_bdev",0.0838159140601059
"1294","ln_bdev",0.208648538904397
"1295","ln_bdev",0.341339109831179
"1296","ln_bdev",-0.176737605335066
"1297","ln_bdev",0.0572089883355164
"1298","ln_bdev",-0.1919443028674
"1299","ln_bdev",-0.157410929360986
"1300","ln_bdev",-0.252590494418202
"1301","ln_bdev",-0.0592656067497631
"1302","ln_bdev",0.370311873554101
"1303","ln_bdev",0.441139827003455
"1304","ln_bdev",0.420049369766823
"1305","ln_bdev",0.0322238086748753
"1306","ln_bdev",0.259289969329348
"1307","ln_bdev",0.357129146367117
"1308","ln_bdev",0.0657940705326343
"1309","ln_bdev",0.20315587393283
"1310","ln_bdev",0.243409916225381
"1311","ln_bdev",-0.0461670290277584
"1312","ln_bdev",-0.0321244815581122
"1313","ln_bdev",0.104769176794808
"1314","ln_bdev",-0.144155512756847
"1315","ln_bdev",-0.0129847065743814
"1316","ln_bdev",0.287939517107117
"1317","ln_bdev",0.124055905802168
"1318","ln_bdev",0.0287131862415484
"1319","ln_bdev",0.00726744721033936
"1320","ln_bdev",-0.116266024014108
"1321","ln_bdev",0.751628681697119
"1322","ln_bdev",0.552200581663407
"1323","ln_bdev",-0.170806503350327
"1324","ln_bdev",0.0910559654544509
"1325","ln_bdev",-0.0174110385780613
"1326","ln_bdev",0.00728784143089488
"1327","ln_bdev",0.141270883710176
"1328","ln_bdev",-0.0538419871420655
"1329","ln_bdev",0.123253770997566
"1330","ln_bdev",-0.032380410931445
"1331","ln_bdev",-0.0468653899042866
"1332","ln_bdev",0.139543730603749
"1333","ln_bdev",-0.257374989046297
"1334","ln_bdev",0.0197560748195588
"1335","ln_bdev",0.238227137886122
"1336","ln_bdev",0.210379091422679
"1337","ln_bdev",-0.147757485805137
"1338","ln_bdev",0.283387096560853
"1339","ln_bdev",0.173933280112869
"1340","ln_bdev",0.207804041362827
"1341","ln_bdev",-0.088908779165172
"1342","ln_bdev",0.0491682184356868
"1343","ln_bdev",-0.13162653962831
"1344","ln_bdev",0.189136397029562
"1345","ln_bdev",-0.0546324661904421
"1346","ln_bdev",0.400819427255881
"1347","ln_bdev",0.130864198591051
"1348","ln_bdev",0.346940093024564
"1349","ln_bdev",0.317360152163503
"1350","ln_bdev",0.204578219547178
"1351","ln_bdev",0.232091244471451
"1352","ln_bdev",0.273029705255268
"1353","ln_bdev",0.105046075941949
"1354","ln_bdev",-0.0612310412360786
"1355","ln_bdev",-0.0588041023378114
"1356","ln_bdev",0.397137758496055
"1357","ln_bdev",0.19600190772213
"1358","ln_bdev",-0.319133894204697
"1359","ln_bdev",-0.0936233734731692
"1360","ln_bdev",0.0328584511675794
"1361","ln_bdev",-0.0316569598166312
"1362","ln_bdev",-0.0469827581205245
"1363","ln_bdev",-0.3148685440649
"1364","ln_bdev",-0.186813960114864
"1365","ln_bdev",-0.179465636361909
"1366","ln_bdev",0.00597341789497831
"1367","ln_bdev",-0.0613275020406844
"1368","ln_bdev",-0.104821399657473
"1369","ln_bdev",-0.0466930071620328
"1370","ln_bdev",-0.256502305774919
"1371","ln_bdev",-0.0643097994688638
"1372","ln_bdev",0.135558039836365
"1373","ln_bdev",-0.157421150023898
"1374","ln_bdev",0.115417033980615
"1375","ln_bdev",-0.0199215677673353
"1376","ln_bdev",0.0775170630571298
"1377","ln_bdev",0.0642906344088695
"1378","ln_bdev",0.0368196164810683
"1379","ln_bdev",-0.0613520055277817
"1380","ln_bdev",-0.0612675777137144
"1381","ln_bdev",0.0744360209947956
"1382","ln_bdev",-0.0182555602664093
"1383","ln_bdev",-0.342552455065564
"1384","ln_bdev",-0.103764994197856
"1385","ln_bdev",0.0287271456063243
"1386","ln_bdev",-0.262593797787074
"1387","ln_bdev",-0.181066349376666
"1388","ln_bdev",0.0105035622633274
"1389","ln_bdev",0.0910721406923503
"1390","ln_bdev",-0.27640701239156
"1391","ln_bdev",-0.325671169057882
"1392","ln_bdev",-0.174482523455697
"1393","ln_bdev",0.351672281451386
"1394","ln_bdev",0.0303181974655545
"1395","ln_bdev",0.00428244410318604
"1396","ln_bdev",0.14051067169256
"1397","ln_bdev",-0.193033425083391
"1398","ln_bdev",-0.103771772947563
"1399","ln_bdev",0.0360304775578891
"1400","ln_bdev",-0.149673233259441
"1401","ln_bdev",-0.125914404489707
"1402","ln_bdev",-0.237539364818549
"1403","ln_bdev",-0.293227987073803
"1404","ln_bdev",-0.0411745969322873
"1405","ln_bdev",0.0184961592674063
"1406","ln_bdev",0.040522587571972
"1407","ln_bdev",-0.214778229940711
"1408","ln_bdev",-0.106007945537477
"1409","ln_bdev",0.250245798536388
"1410","ln_bdev",0.0243050576374844
"1411","ln_bdev",-0.0665643195658613
"1412","ln_bdev",-0.233677629943405
"1413","ln_bdev",0.0840850928596347
"1414","ln_bdev",-0.00625484919848552
"1415","ln_bdev",-0.107032421488737
"1416","ln_bdev",0.191772213330503
"1417","ln_bdev",0.014136287539837
"1418","ln_bdev",0.136090741294357
"1419","ln_bdev",-0.0793664767767828
"1420","ln_bdev",-0.129304643340235
"1421","ln_bdev",-0.00738409483823823
"1422","ln_bdev",-0.0283644510148522
"1423","ln_bdev",0.109290141172008
"1424","ln_bdev",0.218201119959308
"1425","ln_bdev",-0.176911774719871
"1426","ln_bdev",-0.385272755099787
"1427","ln_bdev",0.167005574603857
"1428","ln_bdev",-0.192907128412668
"1429","ln_bdev",0.0679043302351836
"1430","ln_bdev",0.132731600850339
"1431","ln_bdev",0.110275333758414
"1432","ln_bdev",-0.0748926343323482
"1433","ln_bdev",-0.202610160906704
"1434","ln_bdev",-0.153645105139727
"1435","ln_bdev",0.137233428482769
"1436","ln_bdev",-0.146348953639154
"1437","ln_bdev",0.0246289816450928
"1438","ln_bdev",0.338278232426057
"1439","ln_bdev",0.159596164845587
"1440","ln_bdev",0.206434440561094
"1441","ln_bdev",0.00641086018741355
"1442","ln_bdev",0.10306986447846
"1443","ln_bdev",0.335247334981877
"1444","ln_bdev",-0.338807524020052
"1445","ln_bdev",0.0518773762121905
"1446","ln_bdev",-0.00844335927716292
"1447","ln_bdev",0.0183387026656251
"1448","ln_bdev",0.122351757098737
"1449","ln_bdev",-0.293079142235763
"1450","ln_bdev",-0.195172267761198
"1451","ln_bdev",-0.200478002733939
"1452","ln_bdev",0.185837469933095
"1453","ln_bdev",-0.178315622777493
"1454","ln_bdev",0.217673411600878
"1455","ln_bdev",0.340291024385797
"1456","ln_bdev",0.0491427820120677
"1457","ln_bdev",0.184954746930407
"1458","ln_bdev",0.0986673870603882
"1459","ln_bdev",0.250370504439011
"1460","ln_bdev",0.24907311159289
"1461","ln_bdev",0.0602953003638993
"1462","ln_bdev",0.0641765925011055
"1463","ln_bdev",-0.161057880403836
"1464","ln_bdev",-0.0105604790048558
"1465","ln_bdev",-0.0881848062901612
"1466","ln_bdev",-0.11953121418755
"1467","ln_bdev",0.278773453325866
"1468","ln_bdev",0.0829527402528896
"1469","ln_bdev",-0.0414164629804821
"1470","ln_bdev",-0.239345062436316
"1471","ln_bdev",-0.325926792826491
"1472","ln_bdev",-0.178703520196722
"1473","ln_bdev",-0.00285532594720139
"1474","ln_bdev",0.00873671251936041
"1475","ln_bdev",-0.136554822794823
"1476","ln_bdev",-0.237140357772201
"1477","ln_bdev",0.0248074818583223
"1478","ln_bdev",0.295820602655736
"1479","ln_bdev",0.0552773867087085
"1480","ln_bdev",-0.121684496536694
"1481","ln_bdev",0.499455153042276
"1482","ln_bdev",0.255874678369778
"1483","ln_bdev",0.198506905097768
"1484","ln_bdev",-0.20219459166704
"1485","ln_bdev",-0.289779403178134
"1486","ln_bdev",0.180508355285089
"1487","ln_bdev",-0.0078013732371808
"1488","ln_bdev",0.293478913357862
"1489","ln_bdev",-0.0557282224712761
"1490","ln_bdev",-0.068322371745373
"1491","ln_bdev",-0.0371113046740806
"1492","ln_bdev",-0.083605140120778
"1493","ln_bdev",0.197532751276291
"1494","ln_bdev",0.131977579611057
"1495","ln_bdev",-0.278549798816113
"1496","ln_bdev",-0.0943596922748607
"1497","ln_bdev",0.0322249411918491
"1498","ln_bdev",-0.30997213107906
"1499","ln_bdev",-0.0198276593828373
"1500","ln_bdev",0.0765511608572995
"1501","ln_bdev",-0.47575468714894
"1502","ln_bdev",0.100903486429905
"1503","ln_bdev",-0.00729755480207995
"1504","ln_bdev",0.380392219082279
"1505","ln_bdev",-0.524821168866762
"1506","ln_bdev",0.0335213509372527
"1507","ln_bdev",-0.0217004348401505
"1508","ln_bdev",-0.239635143857952
"1509","ln_bdev",0.073951607912254
"1510","ln_bdev",0.342607010318824
"1511","ln_bdev",0.0447704915615828
"1512","ln_bdev",0.232711664190188
"1513","ln_bdev",-0.089405809084844
"1514","ln_bdev",0.037158540047244
"1515","ln_bdev",0.501101754964988
"1516","ln_bdev",-0.0880813380878546
"1517","ln_bdev",0.0576415023501846
"1518","ln_bdev",0.0609793547262761
"1519","ln_bdev",0.111773739152948
"1520","ln_bdev",0.486745962431084
"1521","ln_bdev",0.503964514880125
"1522","ln_bdev",0.26245512159084
"1523","ln_bdev",0.210189065219318
"1524","ln_bdev",0.135481134848601
"1525","ln_bdev",-0.0758819544598805
"1526","ln_bdev",-0.00138901651481594
"1527","ln_bdev",0.172821966597909
"1528","ln_bdev",0.00763135125816703
"1529","ln_bdev",0.11352674589449
"1530","ln_bdev",-0.0873831465666379
"1531","ln_bdev",0.0905754988592335
"1532","ln_bdev",0.124382305570842
"1533","ln_bdev",-0.234001063103494
"1534","ln_bdev",0.00587468491328825
"1535","ln_bdev",-0.151851331144464
"1536","ln_bdev",-0.156531487769704
"1537","ln_bdev",0.0749826432594067
"1538","ln_bdev",-0.0287349997117225
"1539","ln_bdev",0.129977832065169
"1540","ln_bdev",-0.0715908449354055
"1541","ln_bdev",0.0712705645423779
"1542","ln_bdev",0.528515361482719
"1543","ln_bdev",-0.12571520301149
"1544","ln_bdev",-0.10242411630701
"1545","ln_bdev",-0.111607685346797
"1546","ln_bdev",0.0444085040125957
"1547","ln_bdev",0.46233472336228
"1548","ln_bdev",0.388921012553959
"1549","ln_bdev",-0.0564724576595402
"1550","ln_bdev",-0.053815440064189
"1551","ln_bdev",0.102399536589481
"1552","ln_bdev",-0.243463483197226
"1553","ln_bdev",0.0253110309401648
"1554","ln_bdev",0.206339493253501
"1555","ln_bdev",-0.119063918161914
"1556","ln_bdev",-0.0780903593282688
"1557","ln_bdev",0.0695588865763576
"1558","ln_bdev",0.132144358230509
"1559","ln_bdev",0.287707951006992
"1560","ln_bdev",0.0956274441302838
"1561","ln_bdev",-0.00158729343339077
"1562","ln_bdev",0.0714425466914623
"1563","ln_bdev",0.188550775466857
"1564","ln_bdev",0.166775796009141
"1565","ln_bdev",0.100332948206397
"1566","ln_bdev",-0.296490891108137
"1567","ln_bdev",-0.145355510037283
"1568","ln_bdev",0.242162261847435
"1569","ln_bdev",0.122335926273533
"1570","ln_bdev",-0.209425112397377
"1571","ln_bdev",0.139306262435122
"1572","ln_bdev",-0.0597544181195808
"1573","ln_bdev",-0.11461198875096
"1574","ln_bdev",0.290606796123983
"1575","ln_bdev",0.0288950147334106
"1576","ln_bdev",-0.0729915336672557
"1577","ln_bdev",-0.0922455886641959
"1578","ln_bdev",-0.0535688876112934
"1579","ln_bdev",-0.00539657583399595
"1580","ln_bdev",-0.239994356407137
"1581","ln_bdev",-0.179295874283519
"1582","ln_bdev",0.132099774716165
"1583","ln_bdev",-0.210574378389418
"1584","ln_bdev",-0.0255503445216916
"1585","ln_bdev",-0.0243203262609112
"1586","ln_bdev",0.348168974632544
"1587","ln_bdev",-0.2208151783247
"1588","ln_bdev",-0.285150703705682
"1589","ln_bdev",-0.0685212316570374
"1590","ln_bdev",0.242224013544543
"1591","ln_bdev",0.273596062138682
"1592","sd_z1",2.2032404242395
"1593","sd_z1",1.95686899226958
"1594","sd_z1",2.16039366308803
"1595","sd_z1",1.89332962097486
"1596","sd_z1",1.98985015462773
"1597","sd_z1",1.66039319498688
"1598","sd_z1",1.91650728532435
"1599","sd_z1",2.03692198798871
"1600","sd_z1",1.87342189497009
"1601","sd_z1",1.88535006642283
"1602","sd_z1",2.24772257714517
"1603","sd_z1",2.04192773787928
"1604","sd_z1",1.89060260335979
"1605","sd_z1",2.33148435793563
"1606","sd_z1",2.25209547121512
"1607","sd_z1",1.99863367420696
"1608","sd_z1",2.23755833771149
"1609","sd_z1",2.07728646455038
"1610","sd_z1",1.98584638609598
"1611","sd_z1",2.42448516863715
"1612","sd_z1",2.18981954131882
"1613","sd_z1",2.31537638165376
"1614","sd_z1",2.22622177961951
"1615","sd_z1",2.41536289670116
"1616","sd_z1",2.51852744863762
"1617","sd_z1",1.75856021044458
"1618","sd_z1",1.74883426480104
"1619","sd_z1",1.55039237420148
"1620","sd_z1",1.87832852168751
"1621","sd_z1",1.87405282659856
"1622","sd_z1",1.85169409246566
"1623","sd_z1",1.95991502281425
"1624","sd_z1",2.02567204841534
"1625","sd_z1",1.90543957092452
"1626","sd_z1",2.00192700052249
"1627","sd_z1",2.01857650843138
"1628","sd_z1",2.08154318045632
"1629","sd_z1",2.13845551556084
"1630","sd_z1",1.8156021438212
"1631","sd_z1",1.85828957057017
"1632","sd_z1",1.88670943895601
"1633","sd_z1",1.8675491734872
"1634","sd_z1",1.92945127397285
"1635","sd_z1",1.99793652677106
"1636","sd_z1",1.46016506893187
"1637","sd_z1",1.72203221349513
"1638","sd_z1",1.92635693217033
"1639","sd_z1",2.02687686546086
"1640","sd_z1",2.0382643910304
"1641","sd_z1",2.13941896668951
"1642","sd_z1",2.13523182653813
"1643","sd_z1",2.20658214458872
"1644","sd_z1",2.26212506196261
"1645","sd_z1",2.42014120805479
"1646","sd_z1",2.25938958714675
"1647","sd_z1",1.82360424168469
"1648","sd_z1",2.37549478108515
"1649","sd_z1",2.02098697806986
"1650","sd_z1",1.94120852268341
"1651","sd_z1",1.99654476633128
"1652","sd_z1",1.58649061382703
"1653","sd_z1",1.84040791044573
"1654","sd_z1",1.62463184739201
"1655","sd_z1",1.87088925472513
"1656","sd_z1",2.21587363777684
"1657","sd_z1",2.02950438938633
"1658","sd_z1",2.03460178042163
"1659","sd_z1",1.96426189466899
"1660","sd_z1",1.90690532739581
"1661","sd_z1",1.28230506077134
"1662","sd_z1",1.94859704948091
"1663","sd_z1",1.93906657198874
"1664","sd_z1",1.87693797610701
"1665","sd_z1",1.7469320578302
"1666","sd_z1",1.95420778988351
"1667","sd_z1",1.84217959984143
"1668","sd_z1",1.9586006588974
"1669","sd_z1",1.90891947544225
"1670","sd_z1",1.9532703083785
"1671","sd_z1",1.63485919155074
"1672","sd_z1",1.99655380647411
"1673","sd_z1",2.2785891952713
"1674","sd_z1",1.58737060038416
"1675","sd_z1",2.12587791990077
"1676","sd_z1",1.75572411185796
"1677","sd_z1",2.15459531421547
"1678","sd_z1",2.15599977686051
"1679","sd_z1",2.27888224250809
"1680","sd_z1",2.30900292323863
"1681","sd_z1",2.10682909062382
"1682","sd_z1",2.39140057566298
"1683","sd_z1",1.83838750824053
"1684","sd_z1",2.11328586789387
"1685","sd_z1",1.71134966262349
"1686","sd_z1",1.97023569948151
"1687","sd_z1",1.89762476433639
"1688","sd_z1",2.14252981336064
"1689","sd_z1",1.77696103909622
"1690","sd_z1",2.10191021114453
"1691","sd_z1",1.80151794590604
"1692","sd_z1",1.8666590727277
"1693","sd_z1",1.82123379675915
"1694","sd_z1",1.8350617076078
"1695","sd_z1",1.90768548625795
"1696","sd_z1",1.92287814031263
"1697","sd_z1",1.93877470827009
"1698","sd_z1",2.28911304347685
"1699","sd_z1",2.07418477939369
"1700","sd_z1",2.09502822753466
"1701","sd_z1",2.55829238638154
"1702","sd_z1",2.23806287982665
"1703","sd_z1",2.1382686704502
"1704","sd_z1",2.2681596197446
"1705","sd_z1",2.39661846871432
"1706","sd_z1",2.3077982544797
"1707","sd_z1",2.12307942290368
"1708","sd_z1",1.65400545339604
"1709","sd_z1",1.73927720836638
"1710","sd_z1",1.56954590485264
"1711","sd_z1",1.70382770413291
"1712","sd_z1",2.07336098304976
"1713","sd_z1",1.92040422573954
"1714","sd_z1",1.9443493095154
"1715","sd_z1",1.70554814915887
"1716","sd_z1",1.86036883582796
"1717","sd_z1",2.19459201275002
"1718","sd_z1",1.97529111510991
"1719","sd_z1",1.90644536804987
"1720","sd_z1",2.19134127175501
"1721","sd_z1",1.98694896991982
"1722","sd_z1",1.88091384127879
"1723","sd_z1",2.04342244986149
"1724","sd_z1",1.96944710236669
"1725","sd_z1",1.86443885043763
"1726","sd_z1",2.12136336432371
"1727","sd_z1",2.26070606933751
"1728","sd_z1",2.17162452025494
"1729","sd_z1",1.74815769273821
"1730","sd_z1",1.76818515980976
"1731","sd_z1",1.81948962636761
"1732","sd_z1",2.08532034533758
"1733","sd_z1",2.00668280799938
"1734","sd_z1",2.1513246569827
"1735","sd_z1",2.20837832879567
"1736","sd_z1",2.2077746624552
"1737","sd_z1",1.64831911814935
"1738","sd_z1",2.18538849013737
"1739","sd_z1",1.86847730515561
"1740","sd_z1",2.2367353311998
"1741","sd_z1",2.2865599893898
"1742","sd_z1",1.4162923968753
"1743","sd_z1",1.99374140888106
"1744","sd_z1",2.10326678247249
"1745","sd_z1",1.97187791404675
"1746","sd_z1",2.03839705389427
"1747","sd_z1",2.00713708713128
"1748","sd_z1",2.00513249334382
"1749","sd_z1",2.18644608997059
"1750","sd_z1",2.15803921711826
"1751","sd_z1",2.29139229654066
"1752","sd_z1",1.7304955318551
"1753","sd_z1",1.7056897497489
"1754","sd_z1",1.77161290632548
"1755","sd_z1",2.06949691846717
"1756","sd_z1",1.81645439502437
"1757","sd_z1",1.91007147620151
"1758","sd_z1",1.75296311980732
"1759","sd_z1",2.17975255298365
"1760","sd_z1",1.87191221806291
"1761","sd_z1",1.98409072512004
"1762","sd_z1",1.80649239700889
"1763","sd_z1",1.6225602542291
"1764","sd_z1",2.21741992022791
"1765","sd_z1",1.69349713677583
"1766","sd_z1",1.47166471043166
"1767","sd_z1",1.87786660769166
"1768","sd_z1",2.12156463727798
"1769","sd_z1",1.75680676327726
"1770","sd_z1",1.82823439848756
"1771","sd_z1",1.87047236908737
"1772","sd_z1",2.08966818282941
"1773","sd_z1",1.85741802211246
"1774","sd_z1",1.67385115619251
"1775","sd_z1",1.51697729755677
"1776","sd_z1",1.79873595149534
"1777","sd_z1",1.64569575970004
"1778","sd_z1",1.9316560056724
"1779","sd_z1",2.09437266401501
"1780","sd_z1",1.6654206777423
"1781","sd_z1",1.84869970904503
"1782","sd_z1",1.29232854913487
"1783","sd_z1",1.96411536861307
"1784","sd_z1",1.89541824144841
"1785","sd_z1",2.00586597623426
"1786","sd_z1",2.17092852641373
"1787","sd_z1",2.16595952110344
"1788","sd_z1",1.95321921587738
"1789","sd_z1",1.87074605830044
"1790","sd_z1",1.68714689684723
"1791","sd_z1",1.81542108800878
"1792","sd_z1",1.66074404345875
"1793","sd_z1",1.81572288126728
"1794","sd_z1",1.79422259732398
"1795","sd_z1",2.14815457265375
"1796","sd_z1",1.657743451772
"1797","sd_z1",1.60503945516039
"1798","sd_z1",1.92008474993666
"1799","sd_z1",2.18120082790065
"1800","sd_z1",1.89214614126043
"1801","sd_z1",1.80981038040833
"1802","sd_z1",1.65440734584902
"1803","sd_z1",1.7382352630882
"1804","sd_z1",1.67876284306324
"1805","sd_z1",2.16645041323662
"1806","sd_z1",2.11140817312287
"1807","sd_z1",2.1745594814763
"1808","sd_z1",1.97512469441096
"1809","sd_z1",1.90775582595915
"1810","sd_z1",2.15759626369046
"1811","sd_z1",1.84369778944257
"1812","sd_z1",1.73580287420904
"1813","sd_z1",2.22491047834805
"1814","sd_z1",1.8252610854626
"1815","sd_z1",1.79026793224231
"1816","sd_z1",2.08198680153273
"1817","sd_z1",1.78395411333493
"1818","sd_z1",1.95264775582389
"1819","sd_z1",1.39272054620693
"1820","sd_z1",1.94484011438014
"1821","sd_z1",1.65892175339808
"1822","sd_z1",2.21480914788553
"1823","sd_z1",1.87771299071625
"1824","sd_z1",1.71341706192815
"1825","sd_z1",1.57714486685886
"1826","sd_z1",1.96153483763763
"1827","sd_z1",1.60759510149203
"1828","sd_z1",1.91867602144574
"1829","sd_z1",1.98924587474051
"1830","sd_z1",1.46137057666052
"1831","sd_z1",1.77502346283164
"1832","sd_z1",1.73689934845663
"1833","sd_z1",1.93199148564607
"1834","sd_z1",1.54197636917669
"1835","sd_z1",1.60790013141433
"1836","sd_z1",1.77199297021851
"1837","sd_z1",1.77797518388953
"1838","sd_z1",1.74961804108489
"1839","sd_z1",1.90155303225355
"1840","sd_z1",1.83871143222802
"1841","sd_z1",1.95054868919248
"1842","sd_z1",1.31757701243425
"1843","sd_z1",2.13333081540729
"1844","sd_z1",1.6399689763632
"1845","sd_z1",1.9013905525494
"1846","sd_z1",1.63787211099031
"1847","sd_z1",1.71672180497461
"1848","sd_z1",1.34436793631283
"1849","sd_z1",1.45062845210698
"1850","sd_z1",1.9382429212077
"1851","sd_z1",2.35585902162002
"1852","sd_z1",1.72028294420299
"1853","sd_z1",1.82010659483508
"1854","sd_z1",1.77356502915647
"1855","sd_z1",0.984017098302487
"1856","sd_z1",1.64224140350967
"1857","sd_z1",1.78602309055593
"1858","sd_z1",1.68329393221425
"1859","sd_z1",2.16414237107881
"1860","sd_z1",1.84712737577588
"1861","sd_z1",2.04999765687418
"1862","sd_z1",1.76148357605108
"1863","sd_z1",1.77386256527611
"1864","sd_z1",1.31771407107646
"1865","sd_z1",1.74377445155961
"1866","sd_z1",1.77361533245469
"1867","sd_z1",1.79666453750776
"1868","sd_z1",1.66402857400679
"1869","sd_z1",1.53451604550179
"1870","sd_z1",1.84357602499234
"1871","sd_z1",2.24679073912114
"1872","sd_z1",1.44610548195502
"1873","sd_z1",1.90090301672047
"1874","sd_z1",1.60159084003892
"1875","sd_z1",1.86294572371093
"1876","sd_z1",1.74594181521936
"1877","sd_z1",1.80295432401586
"1878","sd_z1",1.53051052542349
"1879","sd_z1",1.91827583170692
"1880","sd_z1",1.79597965244562
"1881","sd_z1",1.63551668275905
"1882","sd_z1",2.25669617339261
"1883","sd_z1",1.83637346074511
"1884","sd_z1",1.90272067319631
"1885","sd_z1",1.78649847778772
"1886","sd_z1",1.54033594586287
"1887","sd_z1",1.5860269470665
"1888","sd_z1",1.68645690548338
"1889","sd_z1",1.59787221904751
"1890","sd_z1",1.93754899704643
"1891","sd_z1",0.988348900962744
"1892","sd_z1",1.58173673413307
"1893","sd_z1",1.33555587752091
"1894","sd_z1",1.31559123754763
"1895","sd_z1",1.59171972168998
"1896","sd_z1",1.58974754847766
"1897","sd_z1",1.84482704972671
"1898","sd_z1",1.4752124467789
"1899","sd_z1",1.89913257035044
"1900","sd_z1",1.66730991811556
"1901","sd_z1",1.80917474337916
"1902","sd_z1",1.47657819398989
"1903","sd_z1",1.48321120296393
"1904","sd_z1",1.66507099523135
"1905","sd_z1",1.52552823369142
"1906","sd_z1",1.15766095262544
"1907","sd_z2",0.736031640789896
"1908","sd_z2",1.16941513888022
"1909","sd_z2",1.17034806485559
"1910","sd_z2",1.18301979593311
"1911","sd_z2",1.33061135287611
"1912","sd_z2",1.47578954090839
"1913","sd_z2",1.1584518655428
"1914","sd_z2",0.658195004898957
"1915","sd_z2",0.941136527923473
"1916","sd_z2",0.647522587074589
"1917","sd_z2",0.000992541189443691
"1918","sd_z2",0.939555897760569
"1919","sd_z2",0.690763554896318
"1920","sd_z2",0.537742252403825
"1921","sd_z2",0.0992531767548703
"1922","sd_z2",0.617451104597014
"1923","sd_z2",0.545658930123056
"1924","sd_z2",0.544782107937657
"1925","sd_z2",0.543715366478061
"1926","sd_z2",0.000992338507334152
"1927","sd_z2",0.171769837296369
"1928","sd_z2",0.000992359839480517
"1929","sd_z2",0.697052732050192
"1930","sd_z2",0.684638400721847
"1931","sd_z2",0.000992416474059844
"1932","sd_z2",0.677255802196108
"1933","sd_z2",0.675148126428581
"1934","sd_z2",1.13103786764876
"1935","sd_z2",0.000992473896154051
"1936","sd_z2",0.6581991432642
"1937","sd_z2",1.11579244617614
"1938","sd_z2",0.667601440122481
"1939","sd_z2",0.692971143054598
"1940","sd_z2",1.1246241555846
"1941","sd_z2",0.695753350314415
"1942","sd_z2",0.953566601695768
"1943","sd_z2",1.15107972915689
"1944","sd_z2",0.696905611073815
"1945","sd_z2",0.964592310407963
"1946","sd_z2",0.677848649420258
"1947","sd_z2",0.955023046109156
"1948","sd_z2",0.958704914429513
"1949","sd_z2",0.968199890012476
"1950","sd_z2",1.14723777548483
"1951","sd_z2",0.000992785888976994
"1952","sd_z2",0.140303808691171
"1953","sd_z2",0.703772485190482
"1954","sd_z2",0.693932539824317
"1955","sd_z2",0.688802034631432
"1956","sd_z2",0.701583363746873
"1957","sd_z2",0.693200234691428
"1958","sd_z2",0.689243749109681
"1959","sd_z2",0.699928546847896
"1960","sd_z2",0.702106117616799
"1961","sd_z2",0.689160433320558
"1962","sd_z2",0.975607337672682
"1963","sd_z2",0.70516621326473
"1964","sd_z2",0.694910349247324
"1965","sd_z2",0.685925892969816
"1966","sd_z2",0.685635500755173
"1967","sd_z2",0.690308925219061
"1968","sd_z2",0.678663654798795
"1969","sd_z2",1.15923171566547
"1970","sd_z2",0.686383435592967
"1971","sd_z2",0.696809503941064
"1972","sd_z2",0.688553766904244
"1973","sd_z2",0.696764686820163
"1974","sd_z2",0.693182563469863
"1975","sd_z2",0.696416137515068
"1976","sd_z2",1.37914304111164
"1977","sd_z2",0.694029957434591
"1978","sd_z2",0.683358223668785
"1979","sd_z2",0.690319566930505
"1980","sd_z2",0.685725515492368
"1981","sd_z2",0.691777911574348
"1982","sd_z2",0.000992608957350029
"1983","sd_z2",0.000992517333528726
"1984","sd_z2",0.696492949602443
"1985","sd_z2",0.695908553269326
"1986","sd_z2",1.14672334555002
"1987","sd_z2",0.699529159297594
"1988","sd_z2",0.705749204018936
"1989","sd_z2",1.16688339316765
"1990","sd_z2",0.694735937314238
"1991","sd_z2",0.975615447782514
"1992","sd_z2",0.715759883327496
"1993","sd_z2",0.698653694112731
"1994","sd_z2",0.690722321749379
"1995","sd_z2",0.697293084613917
"1996","sd_z2",0.695091320602686
"1997","sd_z2",0.703045890762938
"1998","sd_z2",0.703007699560467
"1999","sd_z2",0.709346771734841
"2000","sd_z2",0.978169442555535
"2001","sd_z2",0.703081473199162
"2002","sd_z2",1.31391301473086
"2003","sd_z2",0.978259082149694
"2004","sd_z2",1.15362200082367
"2005","sd_z2",0.000992441540719977
"2006","sd_z2",1.31737153064338
"2007","sd_z2",0.707879069048946
"2008","sd_z2",1.43670004643991
"2009","sd_z2",1.18522656726451
"2010","sd_z2",0.976629141110871
"2011","sd_z2",1.15978820397679
"2012","sd_z2",0.969137329936784
"2013","sd_z2",0.692614247327419
"2014","sd_z2",0.696444692948234
"2015","sd_z2",0.68821844930091
"2016","sd_z2",0.000992278793953068
"2017","sd_z2",0.697310316245588
"2018","sd_z2",0.695032118535572
"2019","sd_z2",0.693932309871721
"2020","sd_z2",0.698286577753481
"2021","sd_z2",0.698754166914218
"2022","sd_z2",0.684338564258396
"2023","sd_z2",1.13850191635022
"2024","sd_z2",0.708346110145579
"2025","sd_z2",0.9656350078494
"2026","sd_z2",0.954353083052648
"2027","sd_z2",0.697922332895331
"2028","sd_z2",0.978034314741183
"2029","sd_z2",1.43214635496583
"2030","sd_z2",1.57709445263315
"2031","sd_z2",1.16870599002879
"2032","sd_z2",0.717982457022434
"2033","sd_z2",0.685421478907537
"2034","sd_z2",1.16039351192454
"2035","sd_z2",0.695529053639895
"2036","sd_z2",1.16204427898662
"2037","sd_z2",0.972530625050782
"2038","sd_z2",1.17101941343479
"2039","sd_z2",1.15010346183669
"2040","sd_z2",1.32605093943698
"2041","sd_z2",0.722359588021273
"2042","sd_z2",0.730153696752667
"2043","sd_z2",0.725738236708807
"2044","sd_z2",0.708831157199647
"2045","sd_z2",1.18801680400342
"2046","sd_z2",0.724715658058972
"2047","sd_z2",0.0992512409751216
"2048","sd_z2",0.945856419897271
"2049","sd_z2",1.32259617741208
"2050","sd_z2",0.73508805640498
"2051","sd_z2",1.16545767060476
"2052","sd_z2",1.00348115943762
"2053","sd_z2",0.73223827195229
"2054","sd_z2",1.52309588683451
"2055","sd_z2",1.17581714867938
"2056","sd_z2",0.705925135211779
"2057","sd_z2",0.982656564973709
"2058","sd_z2",0.723349895356717
"2059","sd_z2",0.987041369293827
"2060","sd_z2",1.52871849871457
"2061","sd_z2",0.713568913365946
"2062","sd_z2",0.996909314727118
"2063","sd_z2",0.677353278680916
"2064","sd_z2",0.68366001221606
"2065","sd_z2",0.680130899567159
"2066","sd_z2",0.964646307688263
"2067","sd_z2",1.16661183484006
"2068","sd_z2",1.26899150415227
"2069","sd_z2",1.16994384744907
"2070","sd_z2",1.16249494899951
"2071","sd_z2",1.54753478389065
"2072","sd_z2",1.31738512476598
"2073","sd_z2",1.27929895704872
"2074","sd_z2",0.705927099387593
"2075","sd_z2",1.32534429338011
"2076","sd_z2",0.981677105700545
"2077","sd_z2",1.16042142462355
"2078","sd_z2",0.712656399912277
"2079","sd_z2",0.983630450039671
"2080","sd_z2",1.19307557459124
"2081","sd_z2",1.34441020563971
"2082","sd_z2",1.43137383555752
"2083","sd_z2",0.704362720283094
"2084","sd_z2",0.692749042398728
"2085","sd_z2",0.977923626067713
"2086","sd_z2",0.714462471773327
"2087","sd_z2",0.983970455588505
"2088","sd_z2",1.55117422715085
"2089","sd_z2",0.989054042832747
"2090","sd_z2",0.711323580035067
"2091","sd_z2",1.18367824180941
"2092","sd_z2",0.714247832068103
"2093","sd_z2",1.19454084880063
"2094","sd_z2",0.996245100221751
"2095","sd_z2",1.18728572086362
"2096","sd_z2",0.729332255218512
"2097","sd_z2",1.29991410272925
"2098","sd_z2",0.726497088881634
"2099","sd_z2",0.728307199033754
"2100","sd_z2",1.00258375617293
"2101","sd_z2",1.00219569086992
"2102","sd_z2",1.00641657024868
"2103","sd_z2",0.957060221457347
"2104","sd_z2",1.32230277470656
"2105","sd_z2",1.46185392816549
"2106","sd_z2",1.69102692875175
"2107","sd_z2",1.32264410804225
"2108","sd_z2",0.943264834181953
"2109","sd_z2",1.31484228295209
"2110","sd_z2",0.974207082888745
"2111","sd_z2",0.947607557619431
"2112","sd_z2",1.30271028505108
"2113","sd_z2",1.52876232585283
"2114","sd_z2",1.18662998864343
"2115","sd_z2",1.19460797615634
"2116","sd_z2",0.969605437321728
"2117","sd_z2",0.973080615359985
"2118","sd_z2",1.40163648492588
"2119","sd_z2",0.967672407728882
"2120","sd_z2",1.17560290579628
"2121","sd_z2",1.16695111420115
"2122","sd_z2",1.17312892387046
"2123","sd_z2",1.60171398289642
"2124","sd_z2",1.62271174279862
"2125","sd_z2",1.19404481229587
"2126","sd_z2",1.47652979435745
"2127","sd_z2",1.43569989718644
"2128","sd_z2",1.18514391100692
"2129","sd_z2",1.17927487242477
"2130","sd_z2",1.43402843660506
"2131","sd_z2",1.35606882552755
"2132","sd_z2",1.42830378722303
"2133","sd_z2",1.32299560072973
"2134","sd_z2",1.38683384007257
"2135","sd_z2",1.36495172087854
"2136","sd_z2",1.45093217412243
"2137","sd_z2",1.45814480996075
"2138","sd_z2",1.49564299822474
"2139","sd_z2",1.17286690227332
"2140","sd_z2",1.30159956873891
"2141","sd_z2",1.45188955112791
"2142","sd_z2",1.43042183472161
"2143","sd_z2",1.33046549826307
"2144","sd_z2",1.44816490208701
"2145","sd_z2",1.38046389909828
"2146","sd_z2",1.57632116656554
"2147","sd_z2",1.44540827003961
"2148","sd_z2",1.54619324037052
"2149","sd_z2",1.53826303989505
"2150","sd_z2",1.37948717470785
"2151","sd_z2",1.13332310300846
"2152","sd_z2",1.1546348653462
"2153","sd_z2",1.51361107402409
"2154","sd_z2",1.14895579903652
"2155","sd_z2",1.66125620717722
"2156","sd_z2",1.16473695650329
"2157","sd_z2",1.14629225062009
"2158","sd_z2",1.15060839334073
"2159","sd_z2",1.316278248401
"2160","sd_z2",1.4628744285398
"2161","sd_z2",1.15541948607808
"2162","sd_z2",1.15961570118212
"2163","sd_z2",1.34152901063388
"2164","sd_z2",1.44836612199953
"2165","sd_z2",1.1701304898424
"2166","sd_z2",1.33224117738189
"2167","sd_z2",1.15323036600835
"2168","sd_z2",1.45070695407396
"2169","sd_z2",1.14928886304092
"2170","sd_z2",1.56840620195881
"2171","sd_z2",1.43700969419038
"2172","sd_z2",1.1112190334994
"2173","sd_z2",1.16945745715544
"2174","sd_z2",1.15782297773768
"2175","sd_z2",1.15835567463468
"2176","sd_z2",1.3186405418327
"2177","sd_z2",1.37835051746507
"2178","sd_z2",1.38329917893375
"2179","sd_z2",1.18193167237152
"2180","sd_z2",1.46772232345961
"2181","sd_z2",1.44775147065353
"2182","sd_z2",1.4936344794997
"2183","sd_z2",1.31714341025328
"2184","sd_z2",1.30082378701006
"2185","sd_z2",1.33174347778514
"2186","sd_z2",1.46044481313178
"2187","sd_z2",1.31068008967464
"2188","sd_z2",1.30899594814121
"2189","sd_z2",1.5108791150962
"2190","sd_z2",1.6356129358879
"2191","sd_z2",1.64458274726145
"2192","sd_z2",1.77405432418531
"2193","sd_z2",1.60698735451882
"2194","sd_z2",1.60587280459914
"2195","sd_z2",1.4395075957743
"2196","sd_z2",1.88112198970126
"2197","sd_z2",1.46764490869478
"2198","sd_z2",1.41289963332258
"2199","sd_z2",1.3153379380769
"2200","sd_z2",0.19828598180006
"2201","sd_z2",1.52747122222814
"2202","sd_z2",1.56990303212992
"2203","sd_z2",1.68645690548338
"2204","sd_z2",1.51378732367349
"2205","sd_z2",1.45382838604381
"2206","sd_z2",1.74983738895799
"2207","sd_z2",1.83085453437743
"2208","sd_z2",1.4598134446257
"2209","sd_z2",1.45667990400464
"2210","sd_z2",1.70616141008389
"2211","sd_z2",1.70367856279964
"2212","sd_z2",1.43939453550515
"2213","sd_z2",1.78696785278455
"2214","sd_z2",1.75274490028218
"2215","sd_z2",1.67252086542412
"2216","sd_z2",1.65509409808265
"2217","sd_z2",1.48876235953446
"2218","sd_z2",1.81500674363828
"2219","sd_z2",1.67374715248957
"2220","sd_z2",1.682868203575
"2221","sd_z2",1.67115593647207
"2222","ln_ydev",0.00584389100318681
"2223","ln_ydev",0.0110041223387875
"2224","ln_ydev",0.0169426086574477
"2225","ln_ydev",0.0205571175924972
"2226","ln_ydev",0.00154151520028871
"2227","ln_ydev",-0.0100961356101614
"2228","ln_ydev",-0.0248569113271276
"2229","ln_ydev",-0.0361962961037222
"2230","ln_ydev",-0.0528628632941611
"2231","ln_ydev",-0.0635566120767389
"2232","ln_ydev",0.00691435448981728
"2233","ln_ydev",0.0949006072846067
"2234","ln_ydev",-0.0590417665809607
"2235","ln_ydev",-0.119778469760556
"2236","ln_ydev",-0.078387043061004
"2237","ln_ydev",-0.0782284156726481
"2238","ln_ydev",-0.014864347146456
"2239","ln_ydev",-0.0542773074588777
"2240","ln_ydev",-0.0146061397720986
"2241","ln_ydev",0.432506689623971
"2242","ln_ydev",0.193005711373409
"2243","ln_ydev",-0.000164926737812034
"2244","ln_ydev",0.100920584258183
"2245","ln_ydev",-0.0289462715675381
"2246","ln_ydev",0.45837226319084
"2247","ln_ydev",0.0456311234344304
"2248","ln_ydev",-0.178460147301664
"2249","ln_ydev",0.140404265014497
"2250","ln_ydev",-0.306582755950377
"2251","ln_ydev",-0.241260129636322
"2252","ln_ydev",0.505583453740718
"2253","ln_ydev",0.0181414106092884
"2254","ln_ydev",0.750427584031882
"2255","ln_ydev",0.261567876647504
"2256","ln_ydev",-0.259901107976777
"2257","ln_ydev",0.396516866947254
"2258","ln_ydev",0.201332156103778
"2259","ln_ydev",0.235169790511098
"2260","ln_ydev",0.209438297854148
"2261","ln_ydev",0.114231251814714
"2262","ln_xdev",0
"2263","ln_xdev",0
"2264","ln_xdev",0
"2265","ln_xdev",0
"2266","ln_xdev",0
"2267","ln_xdev",0
"2268","ln_xdev",0
"2269","ln_xdev",0
"2270","ln_xdev",0
